t;x;y;z;Flag
1496870590,0672228;0,0037486936733055853;0,05055558906184632;0,0;False
1496870590,9038768;0,0159942344511409;0,09987493504692496;0,0;False
1496870591,7395966;0,036361410656822614;0,1463698976252013;0,0;False
1496870592,576306;0,06431217319535647;0,18881327103702972;0,0;False
1496870593,4119806;0,09897952205296082;0,22588741733192366;0,0;False
1496870594,2496388;0,13950182469415687;0,2566523805250501;0,0;False
1496946506,5619998;0,18497596087867188;0,2802720295203633;0,0;False
1496946647,8941197;0,2338022599915133;0,2958074643301444;0,0;False
1496946668,4788425;0,2845080532184609;0,30280446279718665;0,0;False
1496946690,9466386;1,6496247493578937;0,358849507016363;0,0;False
1496946692,9791088;1,625155276772709;0,47999755246549675;0,0;False
1496946694,767443;1,648109331552304;0,5862960428094517;0,0;False
1496946695,8131394;1,6826997514933848;0,6396536930571072;0,0;False
1496946708,124548;2,212990476484329;1,1681219318681704;0,0;False
1496946715,9388785;2,146213062399159;0,6976479334647934;0,0;False
1496946717,6711743;2,0421208996919553;0,7138197563696085;0,0;False
1496946718,8841953;1,977573873702804;0,7495238320343909;0,0;False
1496946720,507513;1,9054221277638783;0,8168927386148477;0,0;False
1496946722,693133;1,842798997075531;0,9341222658597366;0,0;False
1496946727,299655;1,8294672622657053;1,2139274340971296;0,0;False
1496946733,0132797;2,0986048545139013;1,4336621493559158;0,0;False
1496946734,403364;2,1738378555380145;1,3951200993503388;0,0;False
1496946736,0197432;2,2454073314756533;1,3277470196196253;0,0;False
1496946742,275075;2,423741605108106;0,9917545395769403;0,0;False
1496946753,6187034;1,9386301739829122;0,5013472834072505;0,0;False
1496948033,9075418;1,9392907729600872;0,5528224600309947;0,0;False
1496948269,778551;1,9486504026789593;0,6030806455025822;0,0;False
1496949049,493617;1,9664795254536158;0,6511784567623145;0,0;False
1496949050,3281803;1,991790427633811;0,6950892478197873;0,0;False
1496949051,174749;2,0239610342373915;0,7352169298073938;0,0;False
1496949052,0673523;2,0654215715978634;0,7701302546988199;0,0;False
1496949052,954005;2,112161102664632;0,7968585441670254;0,0;False
1496949053,8507633;2,163516057669229;0,8149646660816282;0,0;False
1496949054,7303576;2,2162618410006485;0,823397194227546;0,0;False
1496949055,6149938;2,269971058495118;0,8223159517443016;0,0;False
1496949056,4986465;2,3225687577756124;0,8116881043764559;0,0;False
1496949057,380261;2,372320410952584;0,7919138460670991;0,0;False
1496949058,2578492;2,417567248033167;0,7637543419902583;0,0;False
1496949059,13956;2,4572902733576876;0,7278522280682324;0,0;False
1496949060,020291;2,4899650482967184;0,6855094183218967;0,0;False
1496949060,9059236;2,5147196340549516;0,6377646340474243;0,0;False
1496949061,7906961;2,5305407515706007;0,586418468296606;0,0;False
1496949062,6683238;2,536926457925234;0,5335060289156258;0,0;False
1496949063,55001;2,5338167449574516;0,4800544692242162;0,0;False
1496949064,4347792;2,521196531790929;0,42782912539403717;0,0;False
1496949065,3203957;2,4994394052685345;0,3786470042787119;0,0;False
1496949066,1970477;2,4695878243440057;0,3345664109564394;0,0;False
1496949067,07472;2,4323683724340306;0,2964153576929873;0,0;False
1496949067,958369;2,388675979010319;0,2652636657149713;0,0;False
1496949068,8389623;2,3403054871960527;0,24246142127760523;0,0;False
1496949069,7175508;2,2887745712135463;0,2286320981509453;0,0;False
1496949099,455595;2,2311900349684954;0,22391904021985054;0,0;False
1496949100,2872753;2,1809213087458414;0,22886508143750545;0,0;False
1496949101,1189382;2,1321972435723664;0,24218525053807977;0,0;False
1496949101,9425287;2,0868275450491454;0,2632520073483849;0,0;False
1496949102,7721932;2,0452995734838355;0,29179303787600924;0,0;False
1496949103,6018631;2,009135436275006;0,3268843800717356;0,0;False
1496949104,445493;1,9789054688545926;0,36825527273323394;0,0;False
1496949105,3142257;1,955568613780719;0,4155695449937815;0,0;False
1496949106,2238584;1,9403781958418942;0,46867656821494713;0,0;False
1496949107,169495;1,9351348088569902;0,5258504198167151;0,0;False
1496949108,0262525;1,9399684769503263;0,5776572483040983;0,0;False
1496949108,9199045;1,954432631362337;0,6299607971217448;0,0;False
1496949109,7705185;1,9767804028628204;0,6765367132815553;0,0;False
1496949110,664199;2,0084638426264374;0,7206008393650295;0,0;False
1496949111,5528393;2,047323190821654;0,7580426211081698;0,0;False
1496949112,432642;2,0918010549416977;0,7876473543903351;0,0;False
1496949113,334287;2,142076407126134;0,8093315441264951;0,0;False
1496949114,2138784;2,1941307754124484;0,821313999802297;0,0;False
1496949115,0975225;2,247731537142817;0,8238680105427423;0,0;False
1496949115,9912317;2,301527942113263;0,8167104136050085;0,0;False
1496949116,9020867;2,354118420520463;0,7995797647905766;0,0;False
1496949117,816743;2,402864682246206;0,7729617623683473;0,0;False
1496949118,7174246;2,445252778775865;0,738398627253028;0,0;False
1496949119,6340797;2,481232845621705;0,6959295968065736;0,0;False
1496949120,5617654;2,509035694143519;0,6469416121849094;0,0;False
1496949137,4773211;2,5268274179504737;0,5943318798260874;0,0;False
1496949138,5702174;2,536444211964767;0,5286340669412636;0,0;False
1496949139,4910512;2,531903995347053;0,4729061934548606;0,0;False
1496949140,4137137;2,5170590676916538;0,4188841389679108;0,0;False
1496949141,354451;2,4918741223527507;0,36761912891318776;0,0;False
1496949142,298196;2,4573048909266784;0,3219211910656789;0,0;False
1496949143,2400937;2,414768153640172;0,28369690548140375;0,0;False
1496949144,198809;2,364832737257891;0,25378740208703787;0,0;False
1496949145,1636424;2,309704730141998;0,23398536812573692;0,0;False
1496949146,1313841;2,251603187515261;0,22526238579785615;0,0;False
1496949147,0983202;2,1929633683051746;0,22802731868056747;0,0;False
1496949147,9240105;2,144114230937067;0,23937900994056527;0,0;False
1496949148,756603;2,0974627838381372;0,258898006194659;0,0;False
1496949149,5821736;2,055097954661387;0,28572386108763087;0,0;False
1496949150,45281;2,015890474572534;0,3211995404512759;0,0;False
1496949155,0781088;1,9852217098241827;0,3607305900615819;0,0;False
1496949156,2020414;1,9541210138862586;0,4214814223516107;0,0;False
1496949157,0507116;1,9407214868350418;0,47125222454458887;0,0;False
1496949157,893664;1,936049838325728;0,5222361424959747;0,0;False
1496949158,7393825;1,9401409150656004;0,5734382449780471;0,0;False
1496949159,5980344;1,9531560092109639;0,6239367572930161;0,0;False
1496949160,463805;1,9749260754056457;0,6717982896879188;0,0;False
1496949161,3365102;2,004980543925641;0,7154528467280808;0,0;False
1496949162,2231073;2,0428364283614355;0,7536524451310908;0,0;False
1496949163,126842;2,087906145324143;0,7850694144553699;0,0;False
1496949164,0265346;2,137661673465751;0,8076362757708984;0,0;False
1496949164,918252;2,190207847982656;0,8207233148807319;0,0;False
1496949165,819104;2,2448055928509016;0,8241435767774362;0,0;False
1496949166,7338345;2,2999430887701036;0,8174280881705293;0,0;False
1496949167,6545293;2,353233397789075;0,800526794828076;0,0;False
1496949168,5892107;2,4031772520636863;0,7735740767370607;0,0;False
1496949169,5319676;2,4475062244163945;0,7373603565012223;0,0;False
1496949170,4737928;2,4841149163150322;0,6934287378150872;0,0;False
1496949171,3064125;2,5090621902539096;0,6494396790819046;0,0;False
1496949172,2591608;2,5280331546218897;0,5947921642481683;0,0;False
1496949173,2219207;2,536201694634495;0,5369138266341731;0,0;False
1496949174,192663;2,5329229735455487;0,4780691734012495;0,0;False
1496949175,0433197;2,5206738229517156;0,42787642160760037;0,0;False
1496949175,8699944;2,500665983928104;0,3818236039107673;0,0;False
1496949176,6957233;2,4732918374933393;0,33979886201366105;0,0;False
1496949177,5264585;2,4390789514020277;0,30271219875330907;0,0;False
1496949182,26225;2,3993559262167325;0,27220156968057546;0,0;False
1496949183,1128616;2,353671791873583;0,24808281581141603;0,0;False
1496949183,9495986;2,3053424264245614;0,23236643382185576;0,0;False
1496949184,7862737;2,2554707550366664;0,22265502200494525;0,0;False
1496949185,6340077;2,204000722635221;0,22397960110584142;0,0;False
1496949186,4855838;2,1532901307474908;0,23414783112795093;0,0;False
1496949187,363338;2,1036435858541043;0,25355815283028443;0,0;False
1496949188,2321506;2,0586576742923683;0,2811320672421196;0,0;False
1496949189,1018088;2,0191619521834996;0,3161970993835424;0,0;False
1496949189,9816446;1,986081283338005;0,3581566776561878;0,0;False
1496949190,8704257;1,9607501638294205;0,4058167350174905;0,0;False
1496949191,7601469;1,9443563517399498;0,45730057516748224;0,0;False
1496949192,674901;1,9373836748080993;0,5124070477117554;0,0;False
1496949193,605564;1,9408249207459785;0,5688127557888388;0,0;False
1496949194,5262015;1,9545853528165908;0,6229951841257408;0,0;False
1496949195,4489431;1,978222134481907;0,6737950349931727;0,0;False
1496949196,4977674;2,0154585593540326;0,7254844044537732;0,0;False
1496949197,4374373;2,0578128671659583;0,7637122326811958;0,0;False
1496949198,3800888;2,1068002164640385;0,7933114372206114;0,0;False
1496949199,3368757;2,1613442815675126;0,8132986712293062;0,0;False
1496949200,1775222;2,211663917411074;0,8219429332167785;0,0;False
1496949201,1452527;2,270411283333776;0,8211208330477833;0,0;False
1496949202,1120057;2,3278151013447412;0,808880592263812;0,0;False
1496949203,0799186;2,381799461668794;0,7856659682499738;0,0;False
1496949203,9306011;2,4247474998012364;0,7569498502593591;0,0;False
1496949204,7592618;2,4612236001578838;0,7222691680427376;0,0;False
1496949205,598967;2,4917531735643097;0,6814158715070545;0,0;False
1496949206,4606621;2,5154461088951043;0,63475431445388;0,0;False
1496949207,3043842;2,5304222174564135;0,5857475515139344;0,0;False
1496949208,148115;2,536839518137937;0,5349062992409016;0,0;False
1496949209,0038557;2,5344300923934573;0,4829905745706973;0,0;False
1496949209,858433;2,5231134855181807;0,4323377441454714;0,0;False
1496949210,7142396;2,5032028017231305;0,38432634052268944;0,0;False
1496949211,5808587;2,474913155327774;0,3399442022112893;0,0;False
1496949212,4995077;2,4370010686786734;0,29902699358012047;0,0;False
1496949217,197598;2,396577584577964;0,26883270633493;0,0;False
1496949218,4425957;2,3284271799523366;0,23611993154711092;0,0;False
1496949219,2861674;2,278424479392839;0,22495191466467906;0,0;False
1496949220,1337337;2,2270077702731603;0,22246195217086143;0,0;False
1496949220,9975169;2,174956339932473;0,22899097413148845;0,0;False
1496949221,8752415;2,124049248549925;0,2447940132561329;0,0;False
1496949222,7619703;2,0762775854960283;0,26964497506797186;0,0;False
1496949223,638039;2,03419935880989;0,3022037377446783;0,0;False
1496949224,5307999;1,9979136366558616;0,3424852854408737;0,0;False
1496949225,4165754;1,9696647416997681;0,38826225599467623;0,0;False
1496949226,317222;1,9497797453522132;0,43921155313373145;0,0;False
1496949227,2210474;1,939454758019667;0,49311728433495905;0,0;False
1496949232,5550406;1,9388395952117998;0,5436255586393819;0,0;False
1496949233,3996878;1,9468816785177208;0,5942903949354885;0,0;False
1496949234,24441;1,9634450652172761;0,6428481563315007;0,0;False
1496949235,1000674;1,9883965426319312;0,6884328034655478;0,0;False
1496949235,9638474;2,021177249968926;0,7293888999520117;0,0;False
1496949236,8924701;2,063744940871716;0,7663675895780723;0,0;False
1496949237,833102;2,1131316822622357;0,7950486824475701;0,0;False
1496949238,717845;2,1637813277843665;0,812973792378951;0,0;False
1496949239,5915394;2,216149529042918;0,821513695898218;0,0;False
1496949240,4851441;2,2704076300556575;0,8205842952923297;0,0;False
1496949241,3838618;2,3239093284037815;0,8098125542453269;0,0;False
1496949242,2837317;2,374637520546039;0,7894968305875225;0,0;False
1496949243,206425;2,421949602171758;0,759486534146888;0,0;False
1496949244,124222;2,4626554879323104;0,7214213547886577;0,0;False
1496949249,6759014;2,4938237046772627;0,6796925193771307;0,0;False
1496949251,08223;2,537533668316559;0,6061880143676366;0,0;False
1496949252,0560062;2,547497588503422;0,5479161252481727;0,0;False
1496949252,8826468;2,546857075031328;0,4977125684540887;0,0;False
1496949253,717441;2,5377302207656425;0,4478386580750553;0,0;False
1496949254,5471642;2,520457734706202;0,40049602557121744;0,0;False
1496949255,399819;2,4947347000584132;0,35555223899775484;0,0;False
1496949256,2385273;2,462250866940758;0,31631471997196736;0,0;False
1496949257,086262;2,4231554104094153;0,2828118364198689;0,0;False
1496949257,9489114;2,3781039427835386;0,2560741068453347;0,0;False
1496949258,7965019;2,329958801449131;0,23785289425892495;0,0;False
1496949259,6521654;2,278981227371908;0,22807844063655153;0,0;False
1496949260,5089078;2,2268957524838786;0,22724492708125213;0,0;False
1496949261,4235609;2,172084191383443;0,23623107280313774;0,0;False
1496949262,3041945;2,1217586604462557;0,2543266696568043;0,0;False
1496949263,1768792;2,075845665149972;0,28079929223083744;0,0;False
1496949264,0535455;2,0351339145692937;0,3151059019021569;0,0;False
1496949264,9352374;2,0009498171608957;0,35631745571131407;0,0;False
1496949265,8199632;1,9745557483992575;0,40311416092161934;0,0;False
1496949266,711635;1,9568240074627419;0,4542765027324196;0,0;False
1496949267,6232917;1,9484837264186383;0,5090038302629881;0,0;False
1496949268,5320282;1,9503194827929755;0,5641544079133665;0,0;False
1496949269,4456947;1,9623104137239915;0,618322657311433;0,0;False
1496949270,367445;1,9842944509569311;0,6697924680907803;0,0;False
1496949271,287197;2,0153842816382377;0,7161867342279222;0,0;False
1496949272,2138653;2,0548506577972856;0,7562906603309112;0,0;False
1496949273,153562;2,1017926665654003;0,7887210733475857;0,0;False
1496949274,1163535;2,1553505609698966;0,812138054038508;0,0;False
1496949275,06403;2,2115228340328086;0,8245994625916869;0,0;False
1496949276,012666;2,2690997753289524;0,8261021387443259;0,0;False
1496949276,9743986;2,326675036293487;0,8163792474381358;0,0;False
1496949277,9421804;2,3816083415989424;0,7955356073939487;0,0;False
1496949278,9179242;2,4318152805147215;0,764101790859582;0,0;False
1496949279,9317062;2,4763754660789914;0,721750787516891;0,0;False
1496949280,903386;2,5101304846677404;0,6732974086801765;0,0;False
1496949281,8861604;2,5339407758009536;0,6185918501246892;0,0;False
1496949282,8860047;2,5465928322069544;0,5592308736547075;0,0;False
1496949283,801623;2,5476773054497897;0,5036506048542388;0,0;False
1496949284,815303;2,5371253894214347;0,44303493323657167;0,0;False
1496949285,6838875;2,5184664034818085;0,3936811064450582;0,0;False
1496949286,698619;2,486069509899848;0,341312527541566;0,0;False
1496949287,6222558;2,447649626575335;0,30044784786754275;0,0;False
1496949288,490841;2,405386421442704;0,268878374416007;0,0;False
1496949289,506526;2,3497580851468234;0,24229167078554387;0,0;False
1496949290,3541136;2,2999227434906357;0,22940355114941158;0,0;False
1496949291,2447138;2,2460019573826493;0,22520186062026226;0,0;False
1496949292,2653997;2,184493185155614;0,23214228202638024;0,0;False
1496949293,2970946;2,124975649751856;0,25178430729417256;0,0;False
1496949294,295808;2,0725521777395213;0,28222020461737607;0,0;False
1496949295,2074437;2,0310290343976383;0,31882655235398033;0,0;False
1496949296,202148;1,9941104068753306;0,3665994734641908;0,0;False
1496949297,067788;1,970536658786186;0,41359000547344454;0,0;False
1496949297,934491;1,9555112119466245;0,4640356355932981;0,0;False
1496949298,8171196;1,94949139438805;0,5172971876356622;0,0;False
1496949299,6757379;1,952852493928151;0,5693346732262627;0,0;False
1496949300,5274878;1,9650452706309876;0,6196063435979783;0,0;False
1496949301,3883228;1,9859447595979767;0,6675268533580484;0,0;False
1496949302,2529075;2,014987395323284;0,7112710679826743;0,0;False
1496949303,1405492;2,0522451194185294;0,7502258777399776;0,0;False
1496949304,0752175;2,0983015753667567;0,783392727484001;0,0;False
1496949305,0468702;2,1518744468455524;0,8080866236494038;0,0;False
1496949305,929464;2,2039122160384146;0,8209219013410879;0,0;False
1496949306,809145;2,2572273520340684;0,8242908883232172;0,0;False
1496949307,6898403;2,31035539926285;0,8181375252150961;0,0;False
1496949308,5865092;2,3624538450837105;0,8023056417111868;0,0;False
1496949309,4751506;2,41036293160788;0,7776015356535322;0,0;False
1496949310,4059649;2,4550818943383215;0,7429374473656077;0,0;False
1496949311,2536447;2,4896679371298713;0,7047934620593539;0,0;False
1496949312,1463234;2,5181743672317776;0,6586853012626458;0,0;False
1496949313,050179;2,5381234609439494;0,6075542313507563;0,0;False
1496949313,9518309;2,5483972564037276;0,553836429223699;0,0;False
1496949314,856631;2,5487320154069786;0,4988351079734159;0,0;False
1496949315,8073473;2,5383664756138233;0,4420557169743747;0,0;False
1496949316,719062;2,518312808209091;0,390455000636555;0,0;False
1496949317,6637886;2,4879399254754415;0,3417976778919414;0,0;False
1496949318,6485162;2,4470732644842;0,2981582625048003;0,0;False
1496949319,5971744;2,4002387640044263;0,26462951811390867;0,0;False
1496949320,5388696;2,34826257833146;0,24080869460007281;0,0;False
1496949321,472536;2,293188718409292;0,22736853474436378;0,0;False
1496949322,4072073;2,236508790712194;0,22453113244216286;0,0;False
1496949323,3869052;2,1776328718091404;0,23300055758354324;0,0;False
1496949324,3416448;2,122976536248192;0,2523066819991623;0,0;False
1496949325,3193612;2,0719009809570306;0,28253737973796433;0,0;False
1496949326,2660384;2,029095269508492;0,3208965266748005;0,0;False
1496949327,2256868;1,9939591983070948;0,36737223526490564;0,0;False
1496949328,175387;1,9686929889283575;0,4192020815873403;0,0;False
1496949329,1611836;1,953406056778113;0,47706213650991985;0,0;False
1496949330,1378763;1,9498877195398063;0,5362495749939763;0,0;False
1496949331,108628;1,9580124188828019;0,5946210885119789;0,0;False
1496949332,083342;1,977487610800328;0,6504982548447605;0,0;False
1496949333,0490923;2,007244654157273;0,701018172995441;0,0;False
1496949334,0248075;2,046694419890653;0,7452057990772136;0,0;False
1496949335,0035071;2,0942113180679165;0,7808762965011329;0,0;False
1496949335,8921468;2,1425666437088298;0,8048730693672123;0,0;False
1496949336,7437408;2,1922411969970854;0,8192809574212204;0,0;False
1496949337,6173441;2,2449681282458527;0,8250789524143735;0,0;False
1496949338,6320903;2,306332257789286;0,819732065093362;0,0;False
1496949339,6738095;2,366780300423036;0,8014199518482555;0,0;False
1496949340,7045038;2,4215901089914773;0,7711280185371288;0,0;False
1496949341,7262192;2,4684921805874005;0,7305517059026644;0,0;False
1496949342,5939438;2,5012538816546956;0,6892879602876113;0,0;False
1496949343,4455357;2,525805791835417;0,6437581699604111;0,0;False
1496949344,5052483;2,544775903282059;0,5823086782633149;0,0;False
1496949345,5519724;2,550186430162969;0,5190685333897057;0,0;False
1496949346,578785;2,5424032200053017;0,45717200379302164;0,0;False
1496949347,593665;2,5222877246816884;0,39894370358381115;0,0;False
1496949348,4183047;2,4975341343275947;0,3553994631111756;0,0;False
1496949349,437085;2,4574257128299273;0,3083304096976908;0,0;False
1496949350,4697788;2,4078094904815335;0,27002477757733134;0,0;False
1496949664,2404666;2,3627022750046707;0,2477070481527967;0,0;False
1496949665,0920424;2,3131439058975642;0,2329247956958879;0,0;False
1496949665,9797595;2,259717084224259;0,2256505278720939;0,0;False
1496949666,803478;2,2097785173731435;0,22868545243949076;0,0;False
1496949667,6352377;2,160571335775558;0,24012150858688128;0,0;False
1496949668,4769392;2,113440285572534;0,2599178877718104;0,0;False
1496949669,344597;2,069090736065896;0,28837095924718537;0,0;False
1496949670,198293;2,030981741835827;0,3235239906455132;0,0;False
1496949671,0339744;2,0001051614506546;0,3638087913999311;0,0;False
1496949671,8925657;1,97589519962372;0,40999071110903673;0,0;False
1496949672,743201;1,9601670373753635;0,4592007230343415;0,0;False
1496949673,5918827;1,9531227603410224;0,5102610911183978;0,0;False
1496949674,459519;1,9550452720019857;0,5629183273204457;0,0;False
1496949675,3382037;1,9663387921320625;0,6150711349055288;0,0;False
1496949676,2137928;1,9866074841460495;0,6642301810944318;0,0;False
1496949677,0774133;2,0148074513304053;0,7084539966723707;0,0;False
1496949677,957129;2,0509863153108623;0,7477631461607231;0,0;False
1496949678,8548253;2,094478285527868;0,7806273843848859;0,0;False
1496949679,7486;2,1429789033021165;0,8049881089229938;0,0;False
1496949680,6522675;2,195662717644287;0,8203374403560918;0,0;False
1496949681,5849383;2,252019945959983;0,8258817427083928;0,0;False
1496949682,4886303;2,3066799291143973;0,8210184209353476;0,0;False
1496949683,4063282;2,360338740042246;0,8059906466632182;0,0;False
1496949684,327097;2,410453683763955;0,7812037216681932;0,0;False
1496949685,2518725;2,4552823565020083;0,747388559122871;0,0;False
1496949686,1815546;2,493207498997201;0,7055775165121908;0,0;False
1496949687,1352174;2,523289897289496;0,6561016068110123;0,0;False
1496949688,0970025;2,5434546927164;0,6013045854580364;0,0;False
1496949689,0467408;2,552549584910734;0,5443631589171771;0,0;False
1496949690,0064898;2,5505203970786465;0,4861309877871029;0,0;False
1496949690,9603436;2,537374588572293;0,42973026909737866;0,0;False
1496949691,9201057;2,513463527139696;0,376591944411748;0,0;False
1496949692,8868349;2,4794621894502673;0,3287528117289763;0,0;False
1496949693,7184508;2,4432760971152208;0,29351202670584703;0,0;False
1496949698,4890618;2,400272825747947;0,2635679171408458;0,0;False
1496949699,5538466;2,341717229349294;0,23609434531882864;0,0;False
1496949700,6046069;2,2793341026186003;0,22294832342090015;0,0;False
1496949701,6603434;2,2152795576878517;0,2233241344204612;0,0;False
1496951363,6100442;2,1393776705168657;0,24097352686201845;0,0;False
1496951402,9001074;2,0895597685785385;0,26646466705723887;0,0;False
1496951425,7873812;2,0483253333416793;0,29819428268415965;0,0;False
1496951441,0264232;2,0140351032310893;0,33553804797250353;0,0;False
1496951442,4345677;1,9694277688772188;0,40851851673745226;0,0;False
1496951443,2721736;1,954976670815327;0,45730342075777103;0,0;False
1496951444,143789;1,9488462617703852;0,5098216057848589;0,0;False
1496951444,9723718;1,9517532633882066;0,5601317232909147;0,0;False
1496951445,846963;1,9637967858046663;0,6118703011999341;0,0;False
1496951446,7367587;1,9851935959957872;0,6615035576985576;0,0;False
1496951447,5763662;2,0133214811294704;0,7040467467687874;0,0;False
1496951448,4339669;2,0490405135514904;0,7419655240512374;0,0;False
1496951449,272633;2,08982169903615;0,7724978075423834;0,0;False
1496951450,1793776;2,1389624345321967;0,7973545280384433;0,0;False
1496951451,0210073;2,1879712108851703;0,8119085582127409;0,0;False
1496951451,8685963;2,239100601684124;0,8179548486707441;0,0;False
1496951452,709186;2,2900891308519054;0,8152165345423378;0,0;False
1496951453,6038833;2,343022864090073;0,8029667259823585;0,0;False
1496951454,4395618;2,38967850603208;0,7829623074436813;0,0;False
1496951455,2792077;2,4324880014161985;0,7552374793180614;0,0;False
1496951456,1628582;2,4718481938680816;0,71874108074363;0,0;False
1496951457,0024455;2,5025823014449053;0,6780413215314721;0,0;False
1496951457,8970823;2,527343465142421;0,6296675770855082;0,0;False
1496951458,7206383;2,541953103601767;0,5818197257264621;0,0;False
1496951459,6123116;2,548710883826652;0,528087151031531;0,0;False
1496951460,4858973;2,5458170346260935;0,47510008650032826;0,0;False
1496951461,35248;2,5337580637327677;0,4238681347324059;0,0;False
1496951462,182158;2,5139243602099226;0,37753423405748343;0,0;False
1496951463,0738764;2,4844038715077876;0,3321356145415614;0,0;False
1496951463,9164548;2,449357610555101;0,29483491599641143;0,0;False
1496951464,7530618;2,408834196793015;0,26426872516557776;0,0;False
1496951465,6346555;2,3611302602568163;0,2397982866990421;0,0;False
1496951466,4672134;2,3127864186302003;0,22494078564439327;0,0;False
1496951467,300776;2,2625738925422376;0,21840994837321287;0,0;False
1496951468,1303778;2,212218305095253;0,22039253638274955;0,0;False
1496951469,009054;2,1600278580126813;0,23154761497503043;0,0;False
1496951469,8436382;2,113060364567497;0,2506316903951494;0,0;False
1496951470,765279;2,065660688941182;0,28038072823684873;0,0;False
1496951471,600895;2,0282447095819625;0,3146823914022403;0,0;False
1496951472,4894896;1,9953230233988455;0,35743967094768836;0,0;False
1496951473,3251715;1,9719127342451372;0,4024819102339973;0,0;False
1496951474,1617322;1,9564176441051297;0,45087901407732395;0,0;False
1496951475,0673833;1,9489643037120237;0,5053834499704397;0,0;False
1496951475,8990164;1,9511332740625804;0,5558544890100269;0,0;False
1496951476,7876828;1,9626664606359256;0,6085823613881416;0,0;False
1496951477,639295;1,9824769067717412;0,6563693148370965;0,0;False
1496951478,5399432;2,011935643224134;0,7024598992468858;0,0;False
1496951479,398543;2,0474304292956345;0,7406676765167495;0,0;False
1496951485,3639486;2,098330148045331;0,7775774927212273;0,0;False
1496951486,298839;2,149212629132469;0,8026937275629351;0,0;False
1496951487,364664;2,212271118898331;0,8171810994470896;0,0;False
1496951488,3963966;2,2748991672816867;0,8179471597488771;0,0;False
1496951489,4401236;2,33701905072764;0,8055011021649389;0,0;False
1496951490,5079434;2,3964379497312813;0,7796017263939932;0,0;False
1496951491,525687;2,4465859897483964;0,7435093807845902;0,0;False
1496951492,5383897;2,488089514356538;0,6981512750581769;0,0;False
1496951493,6221616;2,521372801431602;0,6414151794043566;0,0;False
1496951494,6419213;2,5405866643887043;0,5825642631530789;0,0;False
1496951495,5255153;2,547375297140542;0,529332683185745;0,0;False
1496951496,4211152;2,544497917675835;0,4750105151426961;0,0;False
1496951497,4698968;2,52851023965357;0,41338494036954876;0,0;False
1496951498,533692;2,499407037720243;0,35575003729465093;0,0;False
1496951499,4023757;2,46701706779247;0,31408885978001816;0,0;False
1496951500,4381301;2,4194836596840226;0,27293632540039336;0,0;False
1496951501,4679816;2,3647396605564346;0,24274106709426885;0,0;False
1496951502,5296926;2,3030433523966534;0,22412581619241717;0,0;False
1496951503,5524645;2,2411541381225084;0,2191254465498293;0,0;False
1496951504,5591767;2,1805154134552587;0,22677403801728718;0,0;False
1496951505,6161153;2,119892763547806;0,247752293926697;0,0;False
1496951506,6169598;2,067879466243525;0,2791656214401058;0,0;False
1496951507,7287757;2,018697018864094;0,32537978295027703;0,0;False
1496951508,8024988;1,9822354460731604;0,3793997703262777;0,0;False
1496951509,85637;1,9586500341901352;0,4388653794537564;0,0;False
1496951510,7199533;1,9489471632038546;0,4904219292168567;0,0;False
1496951511,7937148;1,9497641835485329;0,5555915049777574;0,0;False
1496951512,82658;1,9638828563853037;0,6166816137935358;0,0;False
1496951513,6791978;1,9847805699772145;0,6640763307961967;0,0;False
1496951514,7050164;2,020391451794774;0,7151641429468825;0,0;False
1496951515,7487352;2,0666308671262783;0,7584782160806725;0,0;False
1496951516,5772939;2,109149781745216;0,7854246429109011;0,0;False
1496951521,5777347;2,1600253278424044;0,8059846916655202;0,0;False
1496951522,4433632;2,211514847664208;0,8166156977954795;0,0;False
1496951523,3611;2,2672283449926525;0,8179754108477253;0,0;False
1496951524,2207193;2,318794087939705;0,8097905673860252;0,0;False
1496951525,088303;2,3686071011327585;0,7926035092364505;0,0;False
1496951526,0269353;2,418255556004909;0,7646155827994454;0,0;False
1496951526,8925173;2,458525447216213;0,7308190674496323;0,0;False
1496951531,9474277;2,4955860074194023;0,6859197764316356;0,0;False
1496951532,869182;2,524020035574112;0,6377349822765068;0,0;False
1496951533,8548465;2,5421077435205577;0,580682483826242;0,0;False
1496951534,7785933;2,5483626080646387;0,524936643493175;0,0;False
1496951535,7023163;2,5441313506107335;0,46900164860804855;0,0;False
1496951536,6831093;2,52842888591828;0,4115568147342593;0,0;False
1496951537,6249368;2,5028899734264227;0,36038498761717874;0,0;False
1496951538,5756016;2,467749755647103;0,3145874976234441;0,0;False
1496951539,5793374;2,4219391359197773;0,2744078855441103;0,0;False
1496951540,5140073;2,37272286470285;0,24613870142811226;0,0;False
1496951541,450685;2,3189456475522485;0,22761241595678988;0,0;False
1496951542,43451;2,259790665904025;0,21936466761191792;0,0;False
1496951543,3852267;2,2021600734503926;0,2227443277286732;0,0;False
1496951544,4229226;2,1412317107804504;0,2387853055914889;0,0;False
1496951545,5097303;2,0824421620655413;0,26873625244851884;0,0;False
1496951546,5254145;2,0347605240008075;0,307832960226594;0,0;False
1496951547,5301275;1,9964404470440194;0,35529448462471547;0,0;False
1496951548,5628242;1,9678677421127293;0,41109460530631253;0,0;False
1496951549,598518;1,95148119400753;0,47179293964604807;0,0;False
1496951550,6302485;1,9480943106550024;0,534336817817405;0,0;False
1496951551,6019583;1,9569386304263994;0,5926759282795614;0,0;False
1496951552,5616167;1,9767309857324442;0,6474783873717092;0,0;False
1496951553,6004303;2,0095268002016353;0,7013364412164992;0,0;False
1496951554,6192496;2,0519659812359694;0,7463377918377981;0,0;False
1496951555,6420012;2,102936284198088;0,7818038694021678;0,0;False
1496951556,5676453;2,1545377055812462;0,8040979141154756;0,0;False
1496951557,521385;2,2110757761836597;0,81662789449355;0,0;False
1496951558,5052066;2,2707955095899144;0,8179825773093389;0,0;False
1496951559,4318688;2,326231674949374;0,80831727008894;0,0;False
1496951560,357494;2,3788309019931186;0,7884966704687796;0,0;False
1496951561,340198;2,4296283281828273;0,7572019569935012;0,0;False
1496951562,2668166;2,47090571891993;0,7189593602851516;0,0;False
1496951563,2195318;2,505163646322906;0,6723425223674255;0,0;False
1496951564,196283;2,530366347475336;0,6186654038986756;0,0;False
1496951565,1260831;2,5440282460116475;0,5638800006764487;0,0;False
1496951566,1018748;2,547144289027944;0,5047087597645203;0,0;False
1496951567,025531;2,5392395280075033;0,4491784063620551;0,0;False
1496951567,9561265;2,5209728982738713;0,3957008615498638;0,0;False
1496951568,9438882;2,4910704062646096;0,3437126354402685;0,0;False
1496951569,8766372;2,4538014108564417;0,3010610550563557;0,0;False
1496951570,7984135;2,409731946385741;0,2665460076630941;0,0;False
1496951571,7792418;2,3567269252905834;0,2394045418828337;0,0;False
1496951572,7070038;2,3025550151952037;0,22392648327465398;0,0;False
1496951573,718796;2,241349434523084;0,21876210683160177;0,0;False
1496951574,710562;2,1815716747868032;0,2259370540712773;0,0;False
1496951575,6932483;2,124934987549325;0,2446987003453412;0,0;False
1496951576,679042;2,0729664636942644;0,2744031683639173;0,0;False
1496951577,6148987;2,0300719169557553;0,3116824496274344;0,0;False
1496951578,5486062;1,995049658936503;0,35627287534721686;0,0;False
1496951579,5273473;1,9679615278212963;0,40916722851509796;0,0;False
1496951580,4530735;1,9524932994592619;0,46321372907321456;0,0;False
1496951581,5037827;1,947286987938999;0,5267760774884499;0,0;False
1496951582,4945858;1,9548831939157052;0,5864481268953269;0,0;False
1496951583,4363122;1,9730837945972213;0,6406594907845597;0,0;False
1496951584,3891058;2,0016112045850507;0,6909920206227237;0,0;False
1496951585,36394;2,0402002900912395;0,7358644080594352;0,0;False
1496951586,3006456;2,084937565261379;0,7709929095389473;0,0;False
1496951587,273465;2,137518206851599;0,7979172300952165;0,0;False
1496951588,2323306;2,193518766874585;0,8138374142860972;0,0;False
1496951589,1661284;2,2500205313043637;0,8186217257668226;0,0;False
1496951593,519874;2,309639473567993;0,812103086973969;0,0;False
1496951595,250118;2,408472862734249;0,776586147026249;0,0;False
1496951596,268883;2,4572526221218443;0,738568097482449;0,0;False
1496951597,2476606;2,4957699640677444;0,6933124185633865;0,0;False
1496951598,227454;2,524637965249419;0,641296896829475;0,0;False
1496951599,2603445;2,543421550866468;0,5814823952370645;0,0;False
1496951600,2540143;2,5493061193206166;0,5214392727970075;0,0;False
1496951601,2787545;2,5427273074384162;0,4595722564650808;0,0;False
1496951602,2594144;2,5245357272164117;0,4028765146804618;0,0;False
1496951603,257201;2,4949324329653875;0,3500220742590746;0,0;False
1496951604,0938609;2,4624561003527563;0,3109184084804545;0,0;False
1496951605,1026154;2,415130892517375;0,27205118716401516;0,0;False
1496951606,1374109;2,3594438180716906;0,2429674759251728;0,0;False
1496951607,1653197;2,299336365511619;0,22619537011728086;0,0;False
1496951608,0049064;2,2485326763610227;0,22183357170873247;0,0;False
1496951609,0065804;2,188053109949607;0,22818525630806258;0,0;False
1496951610,037331;2,1284546899789536;0,24725508573172567;0,0;False
1496951611,026217;2,076221289881561;0,2768598703972018;0,0;False
1496951616,6432402;2,031023669653727;0,31617523950161985;0,0;False
1496951618,890365;1,9445667945472092;0,4219729173343739;0,0;False
1496951619,9291682;1,9323118606287757;0,4838366474527083;0,0;False
1496951620,905904;1,9329286366273044;0,5431383610985392;0,0;False
1496951621,8896563;1,945316211536054;0,6015683534731089;0,0;False
1496951622,961375;1,9715329831276076;0,6611048566468944;0,0;False
1496951623,9311104;2,00595859378617;0,7088720958544011;0,0;False
1496951624,933825;2,0506140534784825;0,7502447260245608;0,0;False
1496951625,959627;2,103946279598551;0,7823906295778986;0,0;False
1496951626,960335;2,161299143167599;0,8024361251515614;0,0;False
1496951627,9311452;2,21970305055073;0,8104082781251263;0,0;False
1496951628,962878;2,282193565037581;0,8063105177228813;0,0;False
1496951629,9225245;2,3383615569222624;0,7908019686138721;0,0;False
1496951630,962283;2,3946476994956214;0,7622230314965499;0,0;False
1496951631,945068;2,441179377158225;0,7248691331819147;0,0;False
1496951632,9198353;2,479115601190845;0,6794417569058517;0,0;False
1496951633,9376068;2,5084736506248513;0,6250712467453767;0,0;False
1496951634,9173603;2,5255709541967963;0,568095461590917;0,0;False
1496951635,8860998;2,5310779702901036;0,509532946781853;0,0;False
1496951636,9609964;2,523891841845547;0,44468066788334093;0,0;False
1496951637,9407098;2,505105872922309;0,388239915998995;0,0;False
1496951638,9134574;2,4757910430730514;0,33696471875477024;0,0;False
1496951639,9452617;2,434458263373142;0,2899116979906414;0,0;False
1496951640,9779577;2,3841943394346288;0,25244134039846855;0,0;False
1496951642,1007538;2,322102466754773;0,22435139527899853;0,0;False
1496951643,0093658;2,2682569624044975;0,2122660963949052;0,0;False
1496951643,889958;2,2148132046989755;0,2102050441104767;0,0;False
1496951644,9256854;2,1527399460713608;0,22015928944825522;0,0;False
1496951645,9584804;2,0942648049376342;0,24275290863220636;0,0;False
1496951646,9512212;2,043693380619493;0,27554257917042385;0,0;False
1496951647,9790456;1,9992842296329498;0,3193830185608886;0,0;False
1496951648,9437945;1,9667854841442878;0,36811976334521024;0,0;False
1496951649,9295378;1,9439778857829846;0,4234513498441708;0,0;False
1496951650,952289;1,9323368849232874;0,48444167907409047;0,0;False
1496951651,927944;1,9332480911061019;0,5436737522472606;0,0;False
1496951652,8885894;1,9455218250326667;0,6006981194084616;0,0;False
1496951653,901353;1,9700554064340001;0,657073276463869;0,0;False
1496951654,8640418;2,0036453454828904;0,7049128980566299;0,0;False
1496951655,8447428;2,0467177627093394;0,7460277102607422;0,0;False
1496951656,8604867;2,098928368708496;0,7788268583766336;0,0;False
1496951657,8231556;2,1536580590856103;0,7993546408594215;0,0;False
1496951658,85393;2,2154521439772163;0,8092469361385847;0,0;False
1496951659,8135731;2,273662598500889;0,8066259080579372;0,0;False
1496951660,786311;2,3310251223476657;0,7925576724894177;0,0;False
1496951661,8321388;2,388392648083969;0,7653582051608753;0,0;False
1496951662,7998805;2,435195755818793;0,7298315129728699;0,0;False
1496951663,7686071;2,474213032271415;0,6858171223679903;0,0;False
1496951664,8003032;2,505575470735704;0,6316088282274376;0,0;False
1496951665,7669754;2,5240368365907755;0,5758930689822438;0,0;False
1496951666,737769;2,531310274435227;0,5173985438409058;0,0;False
1496951667,7856848;2,5263073708861494;0,45398823469809513;0,0;False
1496951668,7533822;2,509774052314814;0,3976055257132758;0,0;False
1496951669,8040898;2,4798944964618976;0,34124933328012164;0,0;False
1496951670,78379;2,441790228101842;0,29557278897711664;0,0;False
1496951671,7525246;2,3959715795033123;0,25868921394946287;0,0;False
1496951672,770272;2,3411059308441406;0,2302727644418912;0,0;False
1496951673,739998;2,284439026117321;0,2142812021170097;0,0;False
1496951674,7517674;2,223195044255433;0,20965247847732252;0,0;False
1496951675,7754574;2,1615807558187994;0,21773931431369328;0,0;False
1496951676,739225;2,106288563477198;0,23690313646380934;0,0;False
1496951677,7019248;2,055821516238524;0,26639845209206875;0,0;False
1496951678,717652;2,0097876229618747;0,30741578150392673;0,0;False
1496951679,7134545;1,9737606084504649;0,35596602444864456;0,0;False
1496951680,7712288;1,9468749530362537;0,41427884332906045;0,0;False
1496951681,738051;1,9338172451227853;0,4715125663121142;0,0;False
1496951682,707784;1,9321618675851677;0,5303699757904973;0,0;False
1496951683,7344782;1,9428670483967359;0,5917735537270941;0,0;False
1496951684,6922853;1,964203546878881;0,6458763563131973;0,0;False
1496951685,6510506;1,9956122089795107;0,6948933062972157;0,0;False
1496951686,6897724;2,0395114373005243;0,7401549748049945;0,0;False
1496951687,654458;2,088000072774177;0,7730160654069659;0,0;False
1496951688,6231647;2,142180803091852;0,7959081916080739;0,0;False
1496951689,6428719;2,2028484385949763;0,808188259468036;0,0;False
1496951690,6136026;2,2617891370630057;0,8079858362152728;0,0;False
1496951691,6425178;2,322898634528373;0,7953204013616936;0,0;False
1496951692,6382146;2,3783852261695717;0,7711703763379179;0,0;False
1496951693,6179104;2,4270981060524;0,7370326896854151;0,0;False
1496951694,6627126;2,4706222482178517;0,6908956591305543;0,0;False
1496951695,621465;2,501089128205798;0,6412890109768358;0,0;False
1496951696,5951965;2,521639289176957;0,5859179437255322;0,0;False
1496951697,6139235;2,5311850717050612;0,5247548569782343;0,0;False
1496951698,619837;2,5280735862587096;0,4637610710745794;0,0;False
1496951699,6135433;2,5129152403046153;0,4053651006475619;0,0;False
1496951700,649243;2,4850986648106295;0,3489888752842162;0,0;False
1496951701,6979465;2,4455936267582636;0,29906300857198703;0,0;False
1496951702,5426168;2,4067973758131607;0,2655894757482987;0,0;False
1496951703,5903237;2,3514924465693468;0,23407740812350256;0,0;False
1496951704,613009;2,292312098300131;0,2153079288314106;0,0;False
1496951705,6868877;2,2274293986513927;0,20904805127147766;0,0;False
1496951706,6637042;2,168507047457883;0,21581564205629866;0,0;False
1496951707,6384428;2,112183463768847;0,23399383058893297;0,0;False
1496951708,652183;2,0585455531782286;0,2641744725550423;0,0;False
1496951709,6328812;2,0136116914315663;0,3032441226456461;0,0;False
1496951710,6087122;1,9774407873919826;0,35017011895217015;0,0;False
1496951711,6684668;1,9492974121867328;0,408010858894139;0,0;False
1496951715,871858;1,9347468517156488;0,46687027363705524;0,0;False
1496951716,8506682;1,9301119456254445;0,5261962285481617;0,0;False
1496951717,9114373;1,9405656770342827;0,5897341376984522;0,0;False
1496951718,8891332;1,962137445388357;0,6450384070650079;0,0;False
1496951719,8879547;1,994946836140056;0,696036954005931;0,0;False
1496951720,9237857;2,0390261194824912;0,740884066475981;0,0;False
1496951721,8986156;2,0882567390787083;0,7737414482030589;0,0;False
1496951722,8684065;2,1426894036344666;0,7961994999375201;0,0;False
1496951723,6980276;2,191943255609845;0,8068685628256697;0,0;False
1496951724,677819;2,25141229554673;0,8084041007814144;0,0;False
1496951725,6585507;2,3100708941207766;0,7981627654515526;0,0;False
1496951726,6844058;2,3680207638179875;0,7753611556808314;0,0;False
1496951727,6682405;2,4179921475504305;0,7426344662039521;0,0;False
1496951728,692012;2,462079989311956;0,6988237920692556;0,0;False
1496951729,557846;2,4917995273719638;0,6554386833148568;0,0;False
1496951730,5596368;2,5158665557474356;0,5996476222478171;0,0;False
1496951731,55638;2,5281769095131494;0,5403382494606763;0,0;False
1496951732,595124;2,5281447051516923;0,4772890626961604;0,0;False
1496951733,5888958;2,515695151615165;0,41825322103454543;0,0;False
1496951734,6298323;2,490351956646507;0,3603593949340034;0,0;False
1496951735,6416135;2,4545792715683086;0,3104233249732671;0,0;False
1496951736,6253536;2,410770530522374;0,26991498763932237;0,0;False
1496951737,6581726;2,3570497244006647;0,23746439344219308;0,0;False
1496951738,6309972;2,3013880203124373;0,21787788170077313;0,0;False
1496951739,615816;2,242122660947895;0,20950722357961582;0,0;False
1496951740,6545532;2,1791968445829553;0,21349586240105373;0,0;False
1496951741,6243603;2,122426962235566;0,2291369321159343;0,0;False
1496951742,6221297;2,0683522829889607;0,2564373955000014;0,0;False
1496951743,6629772;2,018945024830435;0,2958080121491371;0,0;False
1496951744,662758;1,9803131070232523;0,3426270226440636;0,0;False
1496951745,7155685;1,9506069398520525;0,399218337179321;0,0;False
1496951746,7104511;1,9342475665533534;0,4573625393284977;0,0;False
1496951747,686228;1,9298676996034299;0,5164459871614886;0,0;False
1496951748,530285;1,9353187611366536;0,5674309116118825;0,0;False
1496951749,4990172;1,9523832346890093;0,6237214371809844;0,0;False
1496951750,466709;1,980067548611046;0,6755468379180847;0,0;False
1496951751,5034885;2,0202169701906514;0,7240183637673866;0,0;False
1496951752,4922354;2,067185012225658;0,7614037784973371;0,0;False
1496951753,4710348;2,1201003185565;0,7884574942599745;0,0;False
1496951754,3026714;2,1684725580368047;0,8030311733561792;0,0;False
1496951755,2893746;2,228050695529065;0,8093130666433677;0,0;False
1496951756,2640877;2,2869710109586827;0,8037557781531454;0,0;False
1496951757,3098848;2,3476762006640524;0,7851859213486978;0,0;False
1496951758,2896397;2,3997673670660102;0,7564593175888538;0,0;False
1496951759,2693949;2,4451677840961197;0,7180207027002675;0,0;False
1496951760,2971578;2,483721930511566;0,6689744313207591;0,0;False
1496951761,3098955;2,5109568137852163;0,6138583594543441;0,0;False
1496951762,4177876;2,527361263756454;0,5486505168741699;0,0;False
1496951763,3985302;2,529230884678103;0,48913256390770904;0,0;False
1496951764,370258;2,5194406092045747;0,4309497235206686;0,0;False
1496951765,420119;2,4964258358095606;0,37151738891804936;0,0;False
1496951766,2436683;2,469948757248193;0,3290784261204578;0,0;False
1496951767,26736;2,4277153226243366;0,2834896800720178;0,0;False
1496951768,3010504;2,376472613092401;0,24726521604107315;0,0;False
1496951769,2807548;2,32191331557177;0,22356730670801953;0,0;False
1496951770,2624123;2,2636332737023968;0,21108226465051114;0,0;False
1496951771,2942297;2,2010004022815157;0,21055112282847485;0,0;False
1496951772,2609224;2,143427786799357;0,22197909560876283;0,0;False
1496951773,2586355;2,0875004489257143;0,24524577634975428;0,0;False
1496951774,28046;2,036242275009021;0,2801713047714038;0,0;False
1496951775,2813122;1,994073763791682;0,32392282682395607;0,0;False
1496951776,3060875;1,9608930214500988;0,376555797834171;0,0;False
1496951777,2838497;1,9400841600571879;0,43215567280499956;0,0;False
1496951778,253534;1,9306720241582698;0,490275636925206;0,0;False
1496951779,0922596;1,9315961017943246;0,5412261782998187;0,0;False
1496951780,0680504;1,943742300090238;0,5992150092922838;0,0;False
1496951781,035843;1,966823266820056;0,6532554341032316;0,0;False
1496951782,05368;2,0018892069450693;0,7041366263346565;0,0;False
1496951783,0253365;2,0444739199405486;0,7449671764840954;0,0;False
1496951783,9950747;2,0941224686116486;0,7766202401004539;0,0;False
1496951785,0309348;2,1528346209402636;0,7991330772116213;0,0;False
1496951786,0448358;2,213617224746979;0,8088077403107737;0,0;False
1496951787,0235987;2,2729833702856994;0,8061251366686579;0,0;False
1496951788,0614357;2,3340531539991924;0,7906766292663733;0,0;False
1496951789,0411804;2,3875133460004023;0,7645890752050124;0,0;False
1496951790,0870278;2,4377730062652128;0,7257924702833938;0,0;False
1496951791,0886996;2,477161549463269;0,6794610091398557;0,0;False
1496951792,077408;2,506074206734496;0,626856362188725;0,0;False
1496951793,10814;2,524514183126168;0,5670611216682803;0,0;False
1496951794,0968451;2,530100139073513;0,5072938894414465;0,0;False
1496951795,0816674;2,523719667044516;0,4478412498468515;0,0;False
1496951796,106398;2,504779755060823;0,38858755793651767;0,0;False
1496951797,082098;2,4756754022464658;0,3369882035645864;0,0;False
1496951798,1079433;2,4348483740953784;0,2899649177787785;0,0;False
1496951799,131773;2,385303699559626;0,2524478470955505;0,0;False
1496951800,1035569;2,3320281191994288;0,227086217283799;0,0;False
1496951801,1322873;2,271408015738459;0,21204476374071657;0,0;False
1496951802,1090443;2,212146335232925;0,20976634625782356;0,0;False
1496951803,0789073;2,1540008966559774;0,21909204614034047;0,0;False
1496951804,1427176;2,093613728567098;0,241975871478384;0,0;False
1496951805,1223757;2,043599975793838;0,2741736576575958;0,0;False
1496951806,1040375;2,000840867894495;0,3156953293131554;0,0;False
1496951807,130726;1,9657568792734257;0,36720733229546215;0,0;False
1496951808,1034856;1,9431013162076927;0,4217524258965274;0,0;False
1496951809,078273;1,9315549878379565;0,47980171941157435;0,0;False
1496951810,1289818;1,9319894592077667;0,5435740536023581;0,0;False
1496951811,1207645;1,9448654500972506;0,6023980892340138;0,0;False
1496951812,146546;1,970198488246007;0,6592930045453608;0,0;False
1496951813,1192956;2,0046607089624016;0,7072594552625094;0,0;False
1496951814,0920186;2,0478505108545275;0,7475444851445688;0,0;False
1496951815,1338742;2,101820757590398;0,7805203306455426;0,0;False
1496951816,1606255;2,1606240081530768;0,8012158855357727;0,0;False
1496951817,1303196;2,2189709284885066;0,8091041613655949;0,0;False
1496951818,1631513;2,281528417075062;0,8049197715751629;0,0;False
1496951819,132908;2,3382526727462105;0,7891275308996242;0,0;False
1496951820,112665;2,3913202508318494;0,7622476932992305;0,0;False
1496951821,1424575;2,4402752216946637;0,723381562063083;0,0;False
1496951822,1571786;2,4795857807057353;0,6759471254264465;0,0;False
1496951823,2350173;2,509915562604911;0,6179685155878185;0,0;False
1496951824,207783;2,5257266894093107;0,5610604961886928;0,0;False
1496951825,1964884;2,530082699543961;0,5011892426685959;0,0;False
1496951826,227261;2,5219265395243036;0,4391460454998735;0,0;False
1496951827,1920443;2,5026720210078737;0,38382052769470254;0,0;False
1496951828,162807;2,472827228506381;0,33299131349551797;0,0;False
1496951829,2236936;2,4296819978274744;0,2851966145014839;0,0;False
1496951830,2054625;2,381419693305247;0,25021215488014087;0,0;False
1496951831,1782596;2,327704362319939;0,22564792606290335;0,0;False
1496951832,2080653;2,266809067660086;0,2115406448502865;0,0;False
1496951833,1828141;2,2076401499869585;0,2101887851894126;0,0;False
1496951834,2167115;2,145872661427014;0,22136566852705164;0,0;False
1496951835,2325826;2,088770132378654;0,24466174201432123;0,0;False
1496951836,1983676;2,0400270217170426;0,2772649047668127;0,0;False
1496951837,2232368;1,996215311692341;0,3214435661016691;0,0;False
1496951838,2010105;1,9638368199814709;0,37120394615313873;0,0;False
1496951839,176814;1,9419257403529475;0,4262513270004897;0,0;False
1496951840,2075486;1,9309063950423317;0,48784309183468555;0,0;False
1496951841,197274;1,9326456358975839;0,5479087072651407;0,0;False
1496951842,175992;1,9461195210560478;0,6057854844093495;0,0;False
1496951843,202722;1,9721310717303746;0,6624201937214732;0,0;False
1496951844,1965053;2,007987868008694;0,7109487755055637;0,0;False
1496951845,2262776;2,054557375694355;0,7526646102917836;0,0;False
1496951846,1931276;2,10531846902145;0,782154891329158;0,0;False
1496951847,2038436;2,1634269741048073;0,8018680626965438;0,0;False
1496951848,2395406;2,225846314727417;0,8094237116485568;0,0;False
1496951849,2062292;2,28433322356812;0,8044721684861452;0,0;False
1496951850,1768854;2,340962784744972;0,7881448387335033;0,0;False
1496951851,2125795;2,3966670840229463;0,7589983180659816;0,0;False
1496951852,1883192;2,4424427394424097;0,7213893968664077;0,0;False
1496951853,205045;2,481365562739857;0,673477268827657;0,0;False
1496951854,2367404;2,510014384183705;0,6177923959440907;0,0;False
1496951855,2124362;2,5258186129940423;0,5606982184179106;0,0;False
1496951856,2632272;2,530076810406198;0,4970468773799107;0,0;False
1496951857,237993;2,521780324691076;0,4384465488594672;0,0;False
1496951858,209789;2,5022141560798428;0,38277956542861935;0,0;False
1496951859,2625527;2,469303330273853;0,3279946129944642;0,0;False
1496951860,2322452;2,4292468328536576;0,28484208420741886;0,0;False
1496951861,2120953;2,3810093129001326;0,25002009747899684;0,0;False
1496951862,2328506;2,3245253819573533;0,2245386407919633;0,0;False
1496951863,223554;2,2658109159271254;0,21147504981259777;0,0;False
1496951864,2053015;2,206214091157832;0,2103546737803218;0,0;False
1496951865,241076;2,144406583454116;0,22186350674893637;0,0;False
1496951866,2718468;2,086625319318008;0,2458643869149759;0,0;False
1496951867,3086686;2,03478303929172;0,2815672527402709;0,0;False
1496951868,2763972;1,9941909246200897;0,3240518562661938;0,0;False
1496951869,2460742;1,9626015407585107;0,37373724923257906;0,0;False
1496951870,2769015;1,9402462523131887;0,4321876530790761;0,0;False
1496951871,2476463;1,930812423303963;0,4903693340206164;0,0;False
1496951872,2463355;1,9331196253834073;0,5509571420828241;0,0;False
1496951873,2720845;1,9480672786916824;0,6114045216178166;0,0;False
1496951874,2377777;1,9733593796946702;0,6643050309950194;0,0;False
1496951875,2225149;2,0092171741627327;0,7121495998201958;0,0;False
1496951876,2693732;2,0568429196413174;0,7542138616353091;0,0;False
1496951877,2531571;2,108800708638081;0,7836820552954846;0,0;False
1496951878,3249416;2,170762594192047;0,8035330098702648;0,0;False
1496951879,348773;2,232629452862471;0,8095047895522364;0,0;False
1496951880,383589;2,2950562722465966;0,8024756189639274;0,0;False
1496951881,2111478;2,3430993910549627;0,7876628113994648;0,0;False
1496951882,321918;2,4024177042507597;0,7556202668007632;0,0;False
1496951883,3175857;2,448189677896676;0,7161334073310119;0,0;False
1496951884,1421747;2,4796125642202598;0,6771107232194848;0,0;False
1496951885,1150198;2,507503009509664;0,6250409916794136;0,0;False
1496951886,0978076;2,5247833803894744;0,5679275123938138;0,0;False
1496951886,9234383;2,5304858116802667;0,518091568153556;0,0;False
1496951887,9412196;2,5258331061082235;0,45648217990746276;0,0;False
1496951888,9429479;2,508999256962082;0,3980390084828179;0,0;False
1496951889,8016517;2,4855986021324887;0,3514184824296124;0,0;False
1496951890,8364756;2,44708440361961;0,3017930034046504;0,0;False
1496951891,817229;2,4017338808649455;0,26320237771723765;0,0;False
1496951892,8529649;2,346623004834398;0,23293313061946783;0,0;False
1496951893,8466318;2,2889058885547877;0,215373513064352;0,0;False
1496951894,8313684;2,2293843391280608;0,20972639006989302;0,0;False
1496951895,893124;2,1653331532378575;0,21684122448598708;0,0;False
1496951896,9369123;2,105281163448046;0,23704346487266528;0,0;False
1496951897,9316366;2,053251801031879;0,2677071509103282;0,0;False
1496951898,9814;2,006119766656019;0,31058121603421635;0,0;False
1496951899,9771464;1,9708073981777368;0,35965298503738174;0,0;False
1496951901,0589523;1,9442704557031225;0,41972861478000056;0,0;False
1496951902,0476663;1,9321571922196354;0,47852346376597565;0,0;False
1496951903,0643835;1,9321112617861578;0,5402451226364967;0,0;False
1496951904,1071951;1,9451292271083005;0,6021976633124867;0,0;False
1496951905,080949;1,9688888226036023;0,6563374240870441;0,0;False
1496951906,0827012;2,003879898615999;0,7060803187709497;0,0;False
1496951907,1284966;2,0502594732051005;0,7494217837344612;0,0;False
1496951908,106211;2,1010371523092815;0,780174146168839;0,0;False
1496951909,108958;2,1583392397713443;0,8007345856193666;0,0;False
1496951910,1767547;2,222547141538538;0,809546744168772;0,0;False
1496951911,1814313;2,2833674401210784;0,8049563178137563;0,0;False
1496951912,2501507;2,3456494327899584;0,786795224000262;0,0;False
1496951913,2238412;2,397721430396573;0,7588003801085651;0,0;False
1496951914,1965716;2,443250869361721;0,7211790319916372;0,0;False
1496951915,029272;2,4759004010386447;0,6825312765723285;0,0;False
1496951916,0230336;2,5054948238120462;0,6299556160485991;0,0;False
1496951916,9947457;2,523656867216676;0,5738204647863414;0,0;False
1496951918,0264997;2,5306312973035014;0,5115741425426712;0,0;False
1496951919,0192385;2,5249278034707716;0,4515730662901708;0,0;False
1496951919,988018;2,507871665554241;0,3952771851675989;0,0;False
1496951921,0418446;2,47741569710078;0,3390942924404983;0,0;False
1496951922,023543;2,4387509706332184;0,29365359112003314;0,0;False
1496951923,0192664;2,3912006027670474;0,256319373065511;0,0;False
1496951924,0590281;2,334668136670123;0,2282643167620806;0,0;False
1496951925,051735;2,2763190874217987;0,2131628399469581;0,0;False
1496951926,0944793;2,21308856556803;0,21010218474653453;0,0;False
1496951927,0681734;2,154703652577935;0,219397170755705;0,0;False
1496951928,1138754;2,0953136983173617;0,24179345740845753;0,0;False
1496951929,1614373;2,0418659859703783;0,2762490016718999;0,0;False
1496951934,9848044;1,9955816059960902;0,322738687971649;0,0;False
1496951935,9955444;1,9605394776726142;0,3730683433685976;0,0;False
1496951937,080319;1,9373775869290122;0,4347147738302353;0,0;False
1496951938,106009;1,9284676188268788;0,4963352607578134;0,0;False
1496951939,0997634;1,9322048547674322;0,5565542124945811;0,0;False
1496951939,9564338;1,9448538970895564;0,6070343007504941;0,0;False
1496951940,9450996;1,970239828800784;0,6614273668156985;0,0;False
1496951941,9407697;2,0062240280101897;0,7100009617697723;0,0;False
